epoch,step,train_loss,val_accuracy,val_boundary_iou,val_hausdorff,val_iou,val_loss
0,4,0.49244046211242676,,,,,
0,9,0.5844941139221191,,,,,
0,14,0.28312748670578003,,,,,
0,19,0.5151536464691162,,,,,
0,24,0.4326251149177551,,,,,
0,29,0.5018779039382935,,,,,
0,34,0.5216364860534668,,,,,
0,39,0.26191824674606323,,,,,
0,44,0.30475085973739624,,,,,
0,49,0.5240763425827026,,,,,
0,54,0.2587377727031708,,,,,
0,59,0.22519804537296295,,,,,
0,64,0.22524401545524597,,,,,
0,69,0.32356974482536316,,,,,
0,74,0.33981817960739136,,,,,
0,79,0.4400237202644348,,,,,
0,84,0.23887434601783752,,,,,
0,89,0.14771342277526855,,,,,
0,94,0.4676095247268677,,,,,
0,99,0.18085579574108124,,,,,
0,104,0.40363410115242004,,,,,
0,109,0.2166423499584198,,,,,
0,114,0.1547795832157135,,,,,
0,119,0.21315167844295502,,,,,
0,124,0.21086254715919495,,,,,
0,129,0.23350770771503448,,,,,
0,134,0.2531701624393463,,,,,
0,139,0.32405439019203186,,,,,
0,144,0.3926890790462494,,,,,
0,149,0.10284888744354248,,,,,
0,154,0.1511991322040558,,,,,
0,159,0.2773745656013489,,,,,
0,164,0.1502668559551239,,,,,
0,169,0.28303778171539307,,,,,
0,174,0.10701009631156921,,,,,
0,179,0.2741771340370178,,,,,
0,184,0.15639853477478027,,,,,
0,189,0.26306626200675964,,,,,
0,194,0.3033190071582794,,,,,
0,199,0.15264350175857544,,,,,
0,204,0.20369313657283783,,,,,
0,209,0.17988801002502441,,,,,
0,214,0.24078410863876343,,,,,
0,219,0.07187198102474213,,,,,
0,224,0.13082291185855865,,,,,
0,229,0.05685961991548538,,,,,
0,234,0.3519397974014282,,,,,
0,239,0.15615114569664001,,,,,
0,244,0.06592518091201782,,,,,
0,249,0.0906950831413269,,,,,
0,254,0.2080262005329132,,,,,
0,259,0.25809597969055176,,,,,
0,264,0.14348933100700378,,,,,
0,269,0.08204687386751175,,,,,
0,274,0.26387667655944824,,,,,
0,279,0.26272252202033997,,,,,
0,284,0.09258218109607697,,,,,
0,289,0.08555006980895996,,,,,
0,294,0.06599636375904083,,,,,
0,299,0.1832887828350067,,,,,
0,304,0.06407004594802856,,,,,
0,309,0.12336191534996033,,,,,
0,314,0.34119105339050293,,,,,
0,319,0.20043890178203583,,,,,
0,324,0.07472121715545654,,,,,
0,329,0.08913160860538483,,,,,
0,334,0.125991553068161,,,,,
0,339,0.07536903023719788,,,,,
0,344,0.23426803946495056,,,,,
0,349,0.09880155324935913,,,,,
0,354,0.053805142641067505,,,,,
0,359,0.08223859965801239,,,,,
0,364,0.06452116370201111,,,,,
0,369,0.2527680993080139,,,,,
0,374,0.15537680685520172,,,,,
0,379,0.05320771783590317,,,,,
0,384,0.10592424869537354,,,,,
0,389,0.03373255208134651,,,,,
0,394,0.0765182226896286,,,,,
0,399,0.050248514860868454,,,,,
0,404,0.0961766168475151,,,,,
0,409,0.04674524813890457,,,,,
0,414,0.06739773601293564,,,,,
0,419,0.08294843137264252,,,,,
0,424,0.030941486358642578,,,,,
0,429,0.08430428057909012,,,,,
0,434,0.1771211326122284,,,,,
0,439,0.05239154398441315,,,,,
0,444,0.19124554097652435,,,,,
0,449,0.1254737377166748,,,,,
0,454,0.14107458293437958,,,,,
0,459,0.13550007343292236,,,,,
0,464,0.08148162811994553,,,,,
0,469,0.036663711071014404,,,,,
0,474,0.03375103324651718,,,,,
0,479,0.04215063899755478,,,,,
0,484,0.3122794032096863,,,,,
0,489,0.0850454643368721,,,,,
0,494,0.02876967005431652,,,,,
0,499,0.07661966979503632,,,,,
0,504,0.052569977939128876,,,,,
0,509,0.07329041510820389,,,,,
0,514,0.12966102361679077,,,,,
0,519,0.07004232704639435,,,,,
0,524,0.319795697927475,,,,,
0,529,0.036396123468875885,,,,,
0,534,0.08880763500928879,,,,,
0,539,0.056685980409383774,,,,,
0,544,0.2815746068954468,,,,,
0,549,0.26514601707458496,,,,,
0,554,0.06883381307125092,,,,,
0,559,0.16840894520282745,,,,,
0,564,0.20398078858852386,,,,,
0,569,0.08765211701393127,,,,,
0,574,0.12504470348358154,,,,,
0,579,0.025331972166895866,,,,,
0,584,0.04552602767944336,,,,,
0,589,0.04580901935696602,,,,,
0,594,0.08234749734401703,,,,,
0,599,0.06286847591400146,,,,,
0,604,0.12079794704914093,,,,,
0,609,0.06063651293516159,,,,,
0,614,0.05365227535367012,,,,,
0,619,0.03946211189031601,,,,,
0,624,0.06441089510917664,,,,,
0,629,0.028799718245863914,,,,,
0,634,0.0584370456635952,,,,,
0,639,0.030501337721943855,,,,,
0,644,0.05961911380290985,,,,,
0,649,0.13381871581077576,,,,,
0,654,0.39114534854888916,,,,,
0,659,0.07441386580467224,,,,,
0,664,0.10993213951587677,,,,,
0,669,0.04656262695789337,,,,,
0,674,0.16280511021614075,,,,,
0,679,0.02579301968216896,,,,,
0,684,0.03909586742520332,,,,,
0,689,0.19141121208667755,,,,,
0,694,0.03282264247536659,,,,,
0,699,0.08448830246925354,,,,,
0,704,0.036497872322797775,,,,,
0,709,0.1511208415031433,,,,,
0,714,0.032508112490177155,,,,,
0,719,0.24381797015666962,,,,,
0,724,0.060515277087688446,,,,,
0,729,0.09154361486434937,,,,,
0,734,0.04267433285713196,,,,,
0,739,0.05843407288193703,,,,,
0,744,0.030656583607196808,,,,,
0,749,0.05382336676120758,,,,,
0,754,0.09017346799373627,,,,,
0,759,0.02528959885239601,,,,,
0,764,0.050655920058488846,,,,,
0,769,0.052452925592660904,,,,,
0,774,0.05031969025731087,,,,,
0,779,0.049074772745370865,,,,,
0,784,0.10088233649730682,,,,,
0,789,0.05558239668607712,,,,,
0,794,0.0286260936409235,,,,,
0,799,0.038155026733875275,,,,,
0,804,0.032527148723602295,,,,,
0,809,0.056219279766082764,,,,,
0,814,0.0503862202167511,,,,,
0,819,0.032416991889476776,,,,,
0,824,0.027656899765133858,,,,,
0,829,0.036881960928440094,,,,,
0,834,0.24412086606025696,,,,,
0,839,0.09794199466705322,,,,,
0,844,0.10461802780628204,,,,,
0,849,0.053123246878385544,,,,,
0,854,0.051784392446279526,,,,,
0,859,0.101915143430233,,,,,
0,864,0.027478959411382675,,,,,
0,869,0.05786069855093956,,,,,
0,874,0.09292685240507126,,,,,
0,879,0.04769441485404968,,,,,
0,884,0.09538977593183517,,,,,
0,889,0.09197409451007843,,,,,
0,894,0.2585203945636749,,,,,
0,899,0.05230298638343811,,,,,
0,899,,0.9826200604438782,0.1194566935300827,45.09288024902344,0.8353479504585266,0.09323576837778091
1,904,0.036516353487968445,,,,,
1,909,0.022791851311922073,,,,,
1,914,0.09268522262573242,,,,,
1,919,0.06897197663784027,,,,,
1,924,0.05177213251590729,,,,,
1,929,0.07355282455682755,,,,,
1,934,0.056748516857624054,,,,,
1,939,0.055352162569761276,,,,,
1,944,0.03781816363334656,,,,,
1,949,0.1034265011548996,,,,,
1,954,0.16014225780963898,,,,,
1,959,0.04830767959356308,,,,,
1,964,0.397352933883667,,,,,
1,969,0.05659589171409607,,,,,
1,974,0.060880351811647415,,,,,
1,979,0.04570283368229866,,,,,
1,984,0.07809221744537354,,,,,
1,989,0.08232368528842926,,,,,
1,994,0.03624008595943451,,,,,
1,999,0.037878841161727905,,,,,
1,1004,0.08403331786394119,,,,,
1,1009,0.07267217338085175,,,,,
1,1014,0.10430687665939331,,,,,
1,1019,0.061787985265254974,,,,,
1,1024,0.10934390872716904,,,,,
1,1029,0.07887012511491776,,,,,
1,1034,0.03570609539747238,,,,,
1,1039,0.050149377435445786,,,,,
1,1044,0.05880536511540413,,,,,
1,1049,0.13749803602695465,,,,,
1,1054,0.07934661209583282,,,,,
1,1059,0.09625156968832016,,,,,
1,1064,0.04285365343093872,,,,,
1,1069,0.05197063088417053,,,,,
1,1074,0.04477725178003311,,,,,
1,1079,0.04586061090230942,,,,,
1,1084,0.13828574120998383,,,,,
1,1089,0.08731799572706223,,,,,
1,1094,0.09985996782779694,,,,,
1,1099,0.06318429112434387,,,,,
1,1104,0.03893662244081497,,,,,
1,1109,0.04025974124670029,,,,,
1,1114,0.030580632388591766,,,,,
1,1119,0.2743467390537262,,,,,
1,1124,0.059746257960796356,,,,,
1,1129,0.03571825474500656,,,,,
1,1134,0.04383886232972145,,,,,
1,1139,0.05030284821987152,,,,,
1,1144,0.04584247246384621,,,,,
1,1149,0.07512278109788895,,,,,
1,1154,0.16114181280136108,,,,,
1,1159,0.21158193051815033,,,,,
1,1164,0.02531648427248001,,,,,
1,1169,0.062310073524713516,,,,,
1,1174,0.03462783247232437,,,,,
1,1179,0.05066753551363945,,,,,
1,1184,0.0866408422589302,,,,,
1,1189,0.04727053642272949,,,,,
1,1194,0.03915315866470337,,,,,
1,1199,0.03822122886776924,,,,,
1,1204,0.02936570532619953,,,,,
1,1209,0.03681829571723938,,,,,
1,1214,0.04933145269751549,,,,,
1,1219,0.03813285380601883,,,,,
1,1224,0.15826979279518127,,,,,
1,1229,0.4413791298866272,,,,,
1,1234,0.12417052686214447,,,,,
1,1239,0.04609273374080658,,,,,
1,1244,0.03849693015217781,,,,,
1,1249,0.056697748601436615,,,,,
1,1254,0.025403853505849838,,,,,
1,1259,0.1244843527674675,,,,,
1,1264,0.0497954785823822,,,,,
1,1269,0.03979610651731491,,,,,
1,1274,0.02907104231417179,,,,,
1,1279,0.08888362348079681,,,,,
1,1284,0.03588724881410599,,,,,
1,1289,0.04487182945013046,,,,,
1,1294,0.05699349567294121,,,,,
1,1299,0.047995515167713165,,,,,
1,1304,0.09084418416023254,,,,,
1,1309,0.18190065026283264,,,,,
1,1314,0.03719944506883621,,,,,
1,1319,0.0786990076303482,,,,,
1,1324,0.1337672472000122,,,,,
1,1329,0.0781075730919838,,,,,
1,1334,0.046193838119506836,,,,,
1,1339,0.10457922518253326,,,,,
1,1344,0.039062924683094025,,,,,
1,1349,0.09694281220436096,,,,,
1,1354,0.07075206935405731,,,,,
1,1359,0.05105051398277283,,,,,
1,1364,0.19102516770362854,,,,,
1,1369,0.06570962071418762,,,,,
1,1374,0.04972030222415924,,,,,
1,1379,0.02204374223947525,,,,,
1,1384,0.16238421201705933,,,,,
1,1389,0.11639493703842163,,,,,
1,1394,0.035270996391773224,,,,,
1,1399,0.07867471873760223,,,,,
1,1404,0.04353722184896469,,,,,
1,1409,0.13532325625419617,,,,,
1,1414,0.07497824728488922,,,,,
1,1419,0.1489807665348053,,,,,
1,1424,0.1575571596622467,,,,,
1,1429,0.04375525936484337,,,,,
1,1434,0.02398320473730564,,,,,
1,1439,0.05788610503077507,,,,,
1,1444,0.09917506575584412,,,,,
1,1449,0.19029533863067627,,,,,
1,1454,0.1981605887413025,,,,,
1,1459,0.038590531796216965,,,,,
1,1464,0.05000508576631546,,,,,
1,1469,0.1767456978559494,,,,,
1,1474,0.19398006796836853,,,,,
1,1479,0.05877301096916199,,,,,
1,1484,0.19007858633995056,,,,,
1,1489,0.04755934700369835,,,,,
1,1494,0.02659001015126705,,,,,
1,1499,0.025302477180957794,,,,,
1,1504,0.2954244613647461,,,,,
1,1509,0.041952602565288544,,,,,
1,1514,0.07682491838932037,,,,,
1,1519,0.11952364444732666,,,,,
1,1524,0.1294875144958496,,,,,
1,1529,0.04008442163467407,,,,,
1,1534,0.20378613471984863,,,,,
1,1539,0.030801810324192047,,,,,
1,1544,0.03617195039987564,,,,,
1,1549,0.02351997047662735,,,,,
1,1554,0.057934876531362534,,,,,
1,1559,0.03667446970939636,,,,,
1,1564,0.168077751994133,,,,,
1,1569,0.1035754606127739,,,,,
1,1574,0.05204194411635399,,,,,
1,1579,0.02348523959517479,,,,,
1,1584,0.04332641512155533,,,,,
1,1589,0.08803088963031769,,,,,
1,1594,0.015894519165158272,,,,,
1,1599,0.025820598006248474,,,,,
1,1604,0.0937189906835556,,,,,
1,1609,0.19859567284584045,,,,,
1,1614,0.030222401022911072,,,,,
1,1619,0.04350368306040764,,,,,
1,1624,0.038673631846904755,,,,,
1,1629,0.038859277963638306,,,,,
1,1634,0.05839715898036957,,,,,
1,1639,0.08045418560504913,,,,,
1,1644,0.03713862970471382,,,,,
1,1649,0.20447176694869995,,,,,
1,1654,0.03185715526342392,,,,,
1,1659,0.047661472111940384,,,,,
1,1664,0.03684466332197189,,,,,
1,1669,0.02281038463115692,,,,,
1,1674,0.04022831842303276,,,,,
1,1679,0.03717410936951637,,,,,
1,1684,0.15135391056537628,,,,,
1,1689,0.04957690089941025,,,,,
1,1694,0.03426424413919449,,,,,
1,1699,0.028666380792856216,,,,,
1,1704,0.2459346055984497,,,,,
1,1709,0.044562239199876785,,,,,
1,1714,0.07009363919496536,,,,,
1,1719,0.024375177919864655,,,,,
1,1724,0.05817980691790581,,,,,
1,1729,0.03582929074764252,,,,,
1,1734,0.05754925683140755,,,,,
1,1739,0.08312074840068817,,,,,
1,1744,0.030180849134922028,,,,,
1,1749,0.03365594893693924,,,,,
1,1754,0.030392341315746307,,,,,
1,1759,0.03620298206806183,,,,,
1,1764,0.04639078676700592,,,,,
1,1769,0.03753933310508728,,,,,
1,1774,0.040034085512161255,,,,,
1,1779,0.24641767144203186,,,,,
1,1784,0.09626942127943039,,,,,
1,1789,0.04140426218509674,,,,,
1,1794,0.14045841991901398,,,,,
1,1799,0.05759642645716667,,,,,
1,1799,,0.9831582903862,0.10974610596895218,46.38603210449219,0.847084105014801,0.08678897470235825
2,1804,0.02706817537546158,,,,,
2,1809,0.0865275114774704,,,,,
2,1814,0.04881200194358826,,,,,
2,1819,0.17345193028450012,,,,,
2,1824,0.08097003400325775,,,,,
2,1829,0.08293665945529938,,,,,
2,1834,0.1580127477645874,,,,,
2,1839,0.04432303458452225,,,,,
2,1844,0.08630920201539993,,,,,
2,1849,0.02983967959880829,,,,,
2,1854,0.0715314969420433,,,,,
2,1859,0.0651087611913681,,,,,
2,1864,0.03769969195127487,,,,,
2,1869,0.10344766825437546,,,,,
2,1874,0.11322598159313202,,,,,
2,1879,0.049099329859018326,,,,,
2,1884,0.018066581338644028,,,,,
2,1889,0.03625909239053726,,,,,
2,1894,0.12070716917514801,,,,,
2,1899,0.09034547209739685,,,,,
2,1904,0.035306692123413086,,,,,
2,1909,0.03776858374476433,,,,,
2,1914,0.030089281499385834,,,,,
2,1919,0.051457591354846954,,,,,
2,1924,0.0818994790315628,,,,,
2,1929,0.022781770676374435,,,,,
2,1934,0.0617201030254364,,,,,
2,1939,0.056935377418994904,,,,,
2,1944,0.11155769973993301,,,,,
2,1949,0.25097551941871643,,,,,
2,1954,0.08840961009263992,,,,,
2,1959,0.07698404788970947,,,,,
2,1964,0.03707978129386902,,,,,
2,1969,0.11218929290771484,,,,,
2,1974,0.08211453258991241,,,,,
2,1979,0.10931636393070221,,,,,
2,1984,0.1287086009979248,,,,,
2,1989,0.05339706316590309,,,,,
2,1994,0.025541864335536957,,,,,
2,1999,0.10027943551540375,,,,,
2,2004,0.025107087567448616,,,,,
2,2009,0.036933302879333496,,,,,
2,2014,0.259885311126709,,,,,
2,2019,0.02753375843167305,,,,,
2,2024,0.08657225221395493,,,,,
2,2029,0.2615717053413391,,,,,
2,2034,0.03897067904472351,,,,,
2,2039,0.22211308777332306,,,,,
2,2044,0.07783081382513046,,,,,
2,2049,0.04166947677731514,,,,,
2,2054,0.025131357833743095,,,,,
2,2059,0.056646864861249924,,,,,
2,2064,0.16123372316360474,,,,,
2,2069,0.15977658331394196,,,,,
2,2074,0.02493327483534813,,,,,
2,2079,0.03286517411470413,,,,,
2,2084,0.03386549651622772,,,,,
2,2089,0.12591585516929626,,,,,
2,2094,0.03264627605676651,,,,,
2,2099,0.03082677535712719,,,,,
2,2104,0.30166998505592346,,,,,
2,2109,0.04508982598781586,,,,,
2,2114,0.04041896387934685,,,,,
2,2119,0.03375114127993584,,,,,
2,2124,0.10201689600944519,,,,,
2,2129,0.038674984127283096,,,,,
2,2134,0.09800441563129425,,,,,
2,2139,0.055860187858343124,,,,,
2,2144,0.05552494898438454,,,,,
2,2149,0.05572905018925667,,,,,
2,2154,0.03670641779899597,,,,,
2,2159,0.037916556000709534,,,,,
2,2164,0.19158422946929932,,,,,
2,2169,0.04615434631705284,,,,,
2,2174,0.03210531175136566,,,,,
2,2179,0.1792667955160141,,,,,
2,2184,0.051515113562345505,,,,,
2,2189,0.03736692667007446,,,,,
2,2194,0.027494030073285103,,,,,
2,2199,0.037583816796541214,,,,,
2,2204,0.02333412505686283,,,,,
2,2209,0.05433598905801773,,,,,
2,2214,0.06729547679424286,,,,,
2,2219,0.03324725478887558,,,,,
2,2224,0.03304951265454292,,,,,
2,2229,0.0672701895236969,,,,,
2,2234,0.039241958409547806,,,,,
2,2239,0.059412628412246704,,,,,
2,2244,0.06316577643156052,,,,,
2,2249,0.018170449882745743,,,,,
2,2254,0.2130260169506073,,,,,
2,2259,0.05823991075158119,,,,,
2,2264,0.025479890406131744,,,,,
2,2269,0.0313161201775074,,,,,
2,2274,0.058842550963163376,,,,,
2,2279,0.09326333552598953,,,,,
2,2284,0.043593525886535645,,,,,
2,2289,0.17955848574638367,,,,,
2,2294,0.18653962016105652,,,,,
2,2299,0.029008671641349792,,,,,
2,2304,0.09301111847162247,,,,,
2,2309,0.19476103782653809,,,,,
2,2314,0.0754980593919754,,,,,
2,2319,0.05822480469942093,,,,,
2,2324,0.18097878992557526,,,,,
2,2329,0.022476261481642723,,,,,
2,2334,0.022670984268188477,,,,,
2,2339,0.022172320634126663,,,,,
2,2344,0.052169524133205414,,,,,
2,2349,0.03788866102695465,,,,,
2,2354,0.03407886624336243,,,,,
2,2359,0.074907086789608,,,,,
2,2364,0.05932311713695526,,,,,
2,2369,0.041995517909526825,,,,,
2,2374,0.1518673598766327,,,,,
2,2379,0.05889224261045456,,,,,
2,2384,0.04449765756726265,,,,,
2,2389,0.14038902521133423,,,,,
2,2394,0.03861023485660553,,,,,
2,2399,0.07473282516002655,,,,,
2,2404,0.09294293820858002,,,,,
2,2409,0.09701273590326309,,,,,
2,2414,0.09052684903144836,,,,,
2,2419,0.10428209602832794,,,,,
2,2424,0.05569414049386978,,,,,
2,2429,0.17586414515972137,,,,,
2,2434,0.20965345203876495,,,,,
2,2439,0.03218768537044525,,,,,
2,2444,0.07697050273418427,,,,,
2,2449,0.03462231159210205,,,,,
2,2454,0.03189252316951752,,,,,
2,2459,0.09045460820198059,,,,,
2,2464,0.061056651175022125,,,,,
2,2469,0.047061190009117126,,,,,
2,2474,0.07019833475351334,,,,,
2,2479,0.034322068095207214,,,,,
2,2484,0.05395221337676048,,,,,
2,2489,0.03758730739355087,,,,,
2,2494,0.03580918908119202,,,,,
2,2499,0.08113798499107361,,,,,
2,2504,0.043620042502880096,,,,,
2,2509,0.05854121223092079,,,,,
2,2514,0.07956772297620773,,,,,
2,2519,0.03901418298482895,,,,,
2,2524,0.033833082765340805,,,,,
2,2529,0.15428249537944794,,,,,
2,2534,0.060228027403354645,,,,,
2,2539,0.039826441556215286,,,,,
2,2544,0.1507866233587265,,,,,
2,2549,0.055949073284864426,,,,,
2,2554,0.30434542894363403,,,,,
2,2559,0.04450037330389023,,,,,
2,2564,0.07312382757663727,,,,,
2,2569,0.04274740815162659,,,,,
2,2574,0.03379380702972412,,,,,
2,2579,0.13339072465896606,,,,,
2,2584,0.024341393262147903,,,,,
2,2589,0.04647542163729668,,,,,
2,2594,0.027983728796243668,,,,,
2,2599,0.04039204120635986,,,,,
2,2604,0.2493322789669037,,,,,
2,2609,0.06978823989629745,,,,,
2,2614,0.02468063123524189,,,,,
2,2619,0.16220325231552124,,,,,
2,2624,0.08330792188644409,,,,,
2,2629,0.04590505361557007,,,,,
2,2634,0.06890792399644852,,,,,
2,2639,0.07585233449935913,,,,,
2,2644,0.030552873387932777,,,,,
2,2649,0.05030588060617447,,,,,
2,2654,0.06779936701059341,,,,,
2,2659,0.03717656433582306,,,,,
2,2664,0.021403387188911438,,,,,
2,2669,0.06464420258998871,,,,,
2,2674,0.04180143401026726,,,,,
2,2679,0.2517887353897095,,,,,
2,2684,0.03500784561038017,,,,,
2,2689,0.034985095262527466,,,,,
2,2694,0.03157936409115791,,,,,
2,2699,0.028097601607441902,,,,,
2,2699,,0.9806774258613586,0.14753738045692444,50.21098709106445,0.8315750956535339,0.09452074021100998
3,2704,0.04940759390592575,,,,,
3,2709,0.12292006611824036,,,,,
3,2714,0.04988212138414383,,,,,
3,2719,0.03462820500135422,,,,,
3,2724,0.07470554858446121,,,,,
3,2729,0.08530821651220322,,,,,
3,2734,0.0765523687005043,,,,,
3,2739,0.2345675230026245,,,,,
3,2744,0.027776271104812622,,,,,
3,2749,0.02992669865489006,,,,,
3,2754,0.09551269561052322,,,,,
3,2759,0.025253936648368835,,,,,
3,2764,0.4158463478088379,,,,,
3,2769,0.03072909265756607,,,,,
3,2774,0.12709563970565796,,,,,
3,2779,0.08333437144756317,,,,,
3,2784,0.19126386940479279,,,,,
3,2789,0.0642576813697815,,,,,
3,2794,0.03798244521021843,,,,,
3,2799,0.030078615993261337,,,,,
3,2804,0.02761690318584442,,,,,
3,2809,0.0623718686401844,,,,,
3,2814,0.02567567490041256,,,,,
3,2819,0.04489055648446083,,,,,
3,2824,0.16065926849842072,,,,,
3,2829,0.05380730703473091,,,,,
3,2834,0.04272066801786423,,,,,
3,2839,0.1456443965435028,,,,,
3,2844,0.06175221875309944,,,,,
3,2849,0.0431237667798996,,,,,
3,2854,0.028125079348683357,,,,,
3,2859,0.038502857089042664,,,,,
3,2864,0.0846838727593422,,,,,
3,2869,0.052839141339063644,,,,,
3,2874,0.05367196351289749,,,,,
3,2879,0.052566759288311005,,,,,
3,2884,0.02598143182694912,,,,,
3,2889,0.04018818587064743,,,,,
3,2894,0.05567315220832825,,,,,
3,2899,0.09767495095729828,,,,,
3,2904,0.02647029608488083,,,,,
3,2909,0.0550001859664917,,,,,
3,2914,0.07035409659147263,,,,,
3,2919,0.07452010363340378,,,,,
3,2924,0.5937321186065674,,,,,
3,2929,0.02777891233563423,,,,,
3,2934,0.018114842474460602,,,,,
3,2939,0.0232972651720047,,,,,
3,2944,0.037900954484939575,,,,,
3,2949,0.17100493609905243,,,,,
3,2954,0.02888530306518078,,,,,
3,2959,0.07056370377540588,,,,,
3,2964,0.1965564638376236,,,,,
3,2969,0.021551165729761124,,,,,
3,2974,0.041670795530080795,,,,,
3,2979,0.06640583276748657,,,,,
3,2984,0.02103712409734726,,,,,
3,2989,0.051138997077941895,,,,,
3,2994,0.124878890812397,,,,,
3,2999,0.12049484997987747,,,,,
3,3004,0.030933953821659088,,,,,
3,3009,0.028537379577755928,,,,,
3,3014,0.03902287036180496,,,,,
3,3019,0.08317973464727402,,,,,
3,3024,0.033015698194503784,,,,,
3,3029,0.22313712537288666,,,,,
3,3034,0.05594472959637642,,,,,
3,3039,0.03856740891933441,,,,,
3,3044,0.02155205048620701,,,,,
3,3049,0.08595743775367737,,,,,
3,3054,0.030639130622148514,,,,,
3,3059,0.07154013961553574,,,,,
3,3064,0.05446517840027809,,,,,
3,3069,0.19247207045555115,,,,,
3,3074,0.03458485007286072,,,,,
3,3079,0.02392154186964035,,,,,
3,3084,0.06367158144712448,,,,,
3,3089,0.039450909942388535,,,,,
3,3094,0.046171944588422775,,,,,
3,3099,0.051922425627708435,,,,,
3,3104,0.04718524217605591,,,,,
3,3109,0.11330056190490723,,,,,
3,3114,0.07687637954950333,,,,,
3,3119,0.05464659258723259,,,,,
3,3124,0.07404505461454391,,,,,
3,3129,0.036896198987960815,,,,,
3,3134,0.041988443583250046,,,,,
3,3139,0.019658932462334633,,,,,
3,3144,0.04940033331513405,,,,,
3,3149,0.13369408249855042,,,,,
3,3154,0.03932206705212593,,,,,
3,3159,0.09133955091238022,,,,,
3,3164,0.046523407101631165,,,,,
3,3169,0.03547469526529312,,,,,
3,3174,0.03418273106217384,,,,,
3,3179,0.022383276373147964,,,,,
3,3184,0.06504485011100769,,,,,
3,3189,0.0887383297085762,,,,,
3,3194,0.045835230499506,,,,,
3,3199,0.06224944069981575,,,,,
3,3204,0.026493528857827187,,,,,
3,3209,0.03205602616071701,,,,,
3,3214,0.050999678671360016,,,,,
3,3219,0.14751118421554565,,,,,
3,3224,0.06258293986320496,,,,,
3,3229,0.053120728582143784,,,,,
3,3234,0.045295242220163345,,,,,
3,3239,0.06662304699420929,,,,,
3,3244,0.01799563691020012,,,,,
3,3249,0.06618892401456833,,,,,
3,3254,0.07802996039390564,,,,,
3,3259,0.02993132919073105,,,,,
3,3264,0.030727354809641838,,,,,
3,3269,0.1427420675754547,,,,,
3,3274,0.04253431409597397,,,,,
3,3279,0.6362835168838501,,,,,
3,3284,0.04628666862845421,,,,,
3,3289,0.028305282816290855,,,,,
3,3294,0.05686157941818237,,,,,
3,3299,0.07276211678981781,,,,,
3,3304,0.07966248691082001,,,,,
3,3309,0.02570938691496849,,,,,
3,3314,0.04664178937673569,,,,,
3,3319,0.03995123878121376,,,,,
3,3324,0.06740187108516693,,,,,
3,3329,0.04081201180815697,,,,,
3,3334,0.027197135612368584,,,,,
3,3339,0.08790220320224762,,,,,
3,3344,0.1035463958978653,,,,,
3,3349,0.07767713069915771,,,,,
3,3354,0.4609083831310272,,,,,
3,3359,0.021552572026848793,,,,,
3,3364,0.027228588238358498,,,,,
3,3369,0.04119543358683586,,,,,
3,3374,0.04246827960014343,,,,,
3,3379,0.06657107174396515,,,,,
3,3384,0.028066903352737427,,,,,
3,3389,0.12125526368618011,,,,,
3,3394,0.1775810271501541,,,,,
3,3399,0.04709100350737572,,,,,
3,3404,0.17797935009002686,,,,,
3,3409,0.024760402739048004,,,,,
3,3414,0.062155380845069885,,,,,
3,3419,0.0847695842385292,,,,,
3,3424,0.06498552858829498,,,,,
3,3429,0.02140074595808983,,,,,
3,3434,0.07391151785850525,,,,,
3,3439,0.047193385660648346,,,,,
3,3444,0.07143480330705643,,,,,
3,3449,0.09294331073760986,,,,,
3,3454,0.07681617140769958,,,,,
3,3459,0.11524184793233871,,,,,
3,3464,0.05774441733956337,,,,,
3,3469,0.07252144813537598,,,,,
3,3474,0.21040289103984833,,,,,
3,3479,0.1781405210494995,,,,,
3,3484,0.14675047993659973,,,,,
3,3489,0.03644740581512451,,,,,
3,3494,0.030623596161603928,,,,,
3,3499,0.09382593631744385,,,,,
3,3504,0.04517912492156029,,,,,
3,3509,0.09054368734359741,,,,,
3,3514,0.1569630205631256,,,,,
3,3519,0.04427680745720863,,,,,
3,3524,0.045454300940036774,,,,,
3,3529,0.15864267945289612,,,,,
3,3534,0.12932871282100677,,,,,
3,3539,0.047046538442373276,,,,,
3,3544,0.059373464435338974,,,,,
3,3549,0.01928296685218811,,,,,
3,3554,0.07568705081939697,,,,,
3,3559,0.19290107488632202,,,,,
3,3564,0.03888344019651413,,,,,
3,3569,0.019587744027376175,,,,,
3,3574,0.06349420547485352,,,,,
3,3579,0.24055343866348267,,,,,
3,3584,0.07447130978107452,,,,,
3,3589,0.06320308148860931,,,,,
3,3594,0.026966717094182968,,,,,
3,3599,0.01849714294075966,,,,,
3,3599,,0.9832977056503296,0.1484871804714203,46.29405212402344,0.8527964353561401,0.0801287591457367
4,3604,0.04500540345907211,,,,,
4,3609,0.02328633703291416,,,,,
4,3614,0.06676442921161652,,,,,
4,3619,0.10954602062702179,,,,,
4,3624,0.026281166821718216,,,,,
4,3629,0.03433673828840256,,,,,
4,3634,0.048399753868579865,,,,,
4,3639,0.039287127554416656,,,,,
4,3644,0.02643071673810482,,,,,
4,3649,0.053065065294504166,,,,,
4,3654,0.1220925897359848,,,,,
4,3659,0.12322190403938293,,,,,
4,3664,0.3008573055267334,,,,,
4,3669,0.10657395422458649,,,,,
4,3674,0.19479799270629883,,,,,
4,3679,0.03548634424805641,,,,,
4,3684,0.06775043904781342,,,,,
4,3689,0.046614281833171844,,,,,
4,3694,0.024756405502557755,,,,,
4,3699,0.023819582536816597,,,,,
4,3704,0.01837533712387085,,,,,
4,3709,0.03359469771385193,,,,,
4,3714,0.08745978772640228,,,,,
4,3719,0.033399928361177444,,,,,
4,3724,0.027806133031845093,,,,,
4,3729,0.052610717713832855,,,,,
4,3734,0.03573179244995117,,,,,
4,3739,0.03876195847988129,,,,,
4,3744,0.03723425045609474,,,,,
4,3749,0.02843063324689865,,,,,
4,3754,0.17418791353702545,,,,,
4,3759,0.03233528882265091,,,,,
4,3764,0.10876207798719406,,,,,
4,3769,0.06634560972452164,,,,,
4,3774,0.08905702829360962,,,,,
4,3779,0.04879550263285637,,,,,
4,3784,0.0979594737291336,,,,,
4,3789,0.054994724690914154,,,,,
4,3794,0.023005997762084007,,,,,
4,3799,0.0676790177822113,,,,,
4,3804,0.03237742930650711,,,,,
4,3809,0.06049612537026405,,,,,
4,3814,0.04588231444358826,,,,,
4,3819,0.16374196112155914,,,,,
4,3824,0.03352135047316551,,,,,
4,3829,0.05343354493379593,,,,,
4,3834,0.0820290595293045,,,,,
4,3839,0.24014371633529663,,,,,
4,3844,0.10779882967472076,,,,,
4,3849,0.08786719292402267,,,,,
4,3854,0.056587617844343185,,,,,
4,3859,0.031257063150405884,,,,,
4,3864,0.0812927633523941,,,,,
4,3869,0.10198502242565155,,,,,
4,3874,0.10542435944080353,,,,,
4,3879,0.07949753850698471,,,,,
4,3884,0.13609740138053894,,,,,
4,3889,0.036682769656181335,,,,,
4,3894,0.09219346195459366,,,,,
4,3899,0.02462310716509819,,,,,
4,3904,0.03247835487127304,,,,,
4,3909,0.037734925746917725,,,,,
4,3914,0.0532950796186924,,,,,
4,3919,0.03251643478870392,,,,,
4,3924,0.04092319682240486,,,,,
4,3929,0.12380810081958771,,,,,
4,3934,0.031936950981616974,,,,,
4,3939,0.09383436292409897,,,,,
4,3944,0.026871012523770332,,,,,
4,3949,0.0695490911602974,,,,,
4,3954,0.039873458445072174,,,,,
4,3959,0.02916558086872101,,,,,
4,3964,0.09719912707805634,,,,,
4,3969,0.0410785973072052,,,,,
4,3974,0.048926692456007004,,,,,
4,3979,0.0967845618724823,,,,,
4,3984,0.06278292089700699,,,,,
4,3989,0.05259379744529724,,,,,
4,3994,0.1911097764968872,,,,,
4,3999,0.059934038668870926,,,,,
4,4004,0.11845792084932327,,,,,
4,4009,0.039695095270872116,,,,,
4,4014,0.4778934717178345,,,,,
4,4019,0.054910220205783844,,,,,
4,4024,0.04516411945223808,,,,,
4,4029,0.04371756687760353,,,,,
4,4034,0.06217813491821289,,,,,
4,4039,0.06192339211702347,,,,,
4,4044,0.09279820322990417,,,,,
4,4049,0.027404718101024628,,,,,
4,4054,0.09508441388607025,,,,,
4,4059,0.048313651233911514,,,,,
4,4064,0.03423527628183365,,,,,
4,4069,0.05520038306713104,,,,,
4,4074,0.04004976153373718,,,,,
4,4079,0.03237215429544449,,,,,
4,4084,0.03533852845430374,,,,,
4,4089,0.09901405870914459,,,,,
4,4094,0.041936688125133514,,,,,
4,4099,0.0741700679063797,,,,,
4,4104,0.019444745033979416,,,,,
4,4109,0.03139461576938629,,,,,
4,4114,0.030101768672466278,,,,,
4,4119,0.02816373109817505,,,,,
4,4124,0.04802983999252319,,,,,
4,4129,0.06542298197746277,,,,,
4,4134,0.03245529159903526,,,,,
4,4139,0.0666130781173706,,,,,
4,4144,0.04979860782623291,,,,,
4,4149,0.032920606434345245,,,,,
4,4154,0.12899431586265564,,,,,
4,4159,0.056879304349422455,,,,,
4,4164,0.1090267151594162,,,,,
4,4169,0.027887895703315735,,,,,
4,4174,0.049191735684871674,,,,,
4,4179,0.08349558711051941,,,,,
4,4184,0.18407882750034332,,,,,
4,4189,0.09954402595758438,,,,,
4,4194,0.08149132877588272,,,,,
4,4199,0.04958319664001465,,,,,
4,4204,0.1594737470149994,,,,,
4,4209,0.03051251545548439,,,,,
4,4214,0.06344425678253174,,,,,
4,4219,0.36290329694747925,,,,,
4,4224,0.018542485311627388,,,,,
4,4229,0.059720076620578766,,,,,
4,4234,0.05390077829360962,,,,,
4,4239,0.12571316957473755,,,,,
4,4244,0.03026670403778553,,,,,
4,4249,0.06336729973554611,,,,,
4,4254,0.0279262512922287,,,,,
4,4259,0.0211179219186306,,,,,
4,4264,0.06711988896131516,,,,,
4,4269,0.08174178004264832,,,,,
4,4274,0.06240241602063179,,,,,
4,4279,0.023142030462622643,,,,,
4,4284,0.09237314760684967,,,,,
4,4289,0.05091509595513344,,,,,
4,4294,0.02128583937883377,,,,,
4,4299,0.09981179982423782,,,,,
4,4304,0.030669888481497765,,,,,
4,4309,0.026376260444521904,,,,,
4,4314,0.1361514776945114,,,,,
4,4319,0.04210998862981796,,,,,
4,4324,0.04062994569540024,,,,,
4,4329,0.08220309019088745,,,,,
4,4334,0.06922018527984619,,,,,
4,4339,0.09960556030273438,,,,,
4,4344,0.06843040883541107,,,,,
4,4349,0.10027629137039185,,,,,
4,4354,0.09328234940767288,,,,,
4,4359,0.16200608015060425,,,,,
4,4364,0.022497830912470818,,,,,
4,4369,0.06981141865253448,,,,,
4,4374,0.24365083873271942,,,,,
4,4379,0.04259929805994034,,,,,
4,4384,0.05880763754248619,,,,,
4,4389,0.020948123186826706,,,,,
4,4394,0.11417120695114136,,,,,
4,4399,0.028363944962620735,,,,,
4,4404,0.10839127004146576,,,,,
4,4409,0.02616550214588642,,,,,
4,4414,0.04539453238248825,,,,,
4,4419,0.043201349675655365,,,,,
4,4424,0.0655503049492836,,,,,
4,4429,0.0517125129699707,,,,,
4,4434,0.028377406299114227,,,,,
4,4439,0.08611427992582321,,,,,
4,4444,0.022687241435050964,,,,,
4,4449,0.055620916187763214,,,,,
4,4454,0.07656693458557129,,,,,
4,4459,0.03279190510511398,,,,,
4,4464,0.02046951651573181,,,,,
4,4469,0.03954646736383438,,,,,
4,4474,0.04944487288594246,,,,,
4,4479,0.04840203374624252,,,,,
4,4484,0.07730971276760101,,,,,
4,4489,0.02600843831896782,,,,,
4,4494,0.0922144204378128,,,,,
4,4499,0.03624195605516434,,,,,
4,4499,,0.9825734496116638,0.15726298093795776,51.46807098388672,0.8336923718452454,0.08782342821359634
5,4504,0.033241815865039825,,,,,
5,4509,0.09230515360832214,,,,,
5,4514,0.05626300722360611,,,,,
5,4519,0.04670235142111778,,,,,
5,4524,0.17773371934890747,,,,,
5,4529,0.02884187549352646,,,,,
5,4534,0.0798674002289772,,,,,
5,4539,0.022666726261377335,,,,,
5,4544,0.060479581356048584,,,,,
5,4549,0.2129935622215271,,,,,
5,4554,0.043847136199474335,,,,,
5,4559,0.03748791664838791,,,,,
5,4564,0.04262104630470276,,,,,
5,4569,0.028456157073378563,,,,,
5,4574,0.02174297906458378,,,,,
5,4579,0.024655304849147797,,,,,
5,4584,0.2834371328353882,,,,,
5,4589,0.017690759152173996,,,,,
5,4594,0.10421161353588104,,,,,
5,4599,0.02867637202143669,,,,,
5,4604,0.029709938913583755,,,,,
5,4609,0.02607303112745285,,,,,
5,4614,0.04289991781115532,,,,,
5,4619,0.021226143464446068,,,,,
5,4624,0.21891586482524872,,,,,
5,4629,0.11987054347991943,,,,,
5,4634,0.033850062638521194,,,,,
5,4639,0.07221585512161255,,,,,
5,4644,0.0541219562292099,,,,,
5,4649,0.02313895709812641,,,,,
5,4654,0.048048436641693115,,,,,
5,4659,0.10413023829460144,,,,,
5,4664,0.05145205929875374,,,,,
5,4669,0.02144281566143036,,,,,
5,4674,0.03987986966967583,,,,,
5,4679,0.08824945241212845,,,,,
5,4684,0.0780639722943306,,,,,
5,4689,0.0547894686460495,,,,,
5,4694,0.16723501682281494,,,,,
5,4699,0.4232860207557678,,,,,
5,4704,0.04982253164052963,,,,,
5,4709,0.029802558943629265,,,,,
5,4714,0.3667328655719757,,,,,
5,4719,0.11458778381347656,,,,,
5,4724,0.057661719620227814,,,,,
5,4729,0.06497527658939362,,,,,
5,4734,0.018685705959796906,,,,,
5,4739,0.03182850778102875,,,,,
5,4744,0.02940300852060318,,,,,
5,4749,0.03382075950503349,,,,,
5,4754,0.26888275146484375,,,,,
5,4759,0.05774593725800514,,,,,
5,4764,0.0200209803879261,,,,,
5,4769,0.018387336283922195,,,,,
5,4774,0.06491591036319733,,,,,
5,4779,0.05324667692184448,,,,,
5,4784,0.07415930926799774,,,,,
5,4789,0.058438628911972046,,,,,
5,4794,0.029088910669088364,,,,,
5,4799,0.09998660534620285,,,,,
5,4804,0.02344202995300293,,,,,
5,4809,0.057492807507514954,,,,,
5,4814,0.1337558627128601,,,,,
5,4819,0.10727354139089584,,,,,
5,4824,0.22254261374473572,,,,,
5,4829,0.03628251701593399,,,,,
5,4834,0.0570637509226799,,,,,
5,4839,0.07962155342102051,,,,,
5,4844,0.03879602998495102,,,,,
5,4849,0.03071514330804348,,,,,
5,4854,0.161762535572052,,,,,
5,4859,0.01973249763250351,,,,,
5,4864,0.03693309798836708,,,,,
5,4869,0.10329589992761612,,,,,
5,4874,0.02994067780673504,,,,,
5,4879,0.10612115263938904,,,,,
5,4884,0.06351874023675919,,,,,
5,4889,0.02952033281326294,,,,,
5,4894,0.05412417650222778,,,,,
5,4899,0.054575368762016296,,,,,
5,4904,0.03666970133781433,,,,,
5,4909,0.06672872602939606,,,,,
5,4914,0.10380083322525024,,,,,
5,4919,0.04159415513277054,,,,,
5,4924,0.15409323573112488,,,,,
5,4929,0.0738830417394638,,,,,
5,4934,0.10031064599752426,,,,,
5,4939,0.13235168159008026,,,,,
5,4944,0.061720527708530426,,,,,
5,4949,0.025951948016881943,,,,,
5,4954,0.06266502290964127,,,,,
5,4959,0.24735915660858154,,,,,
5,4964,0.1183379739522934,,,,,
5,4969,0.02507750876247883,,,,,
5,4974,0.058592017740011215,,,,,
5,4979,0.03110530972480774,,,,,
5,4984,0.03847157955169678,,,,,
5,4989,0.02666618674993515,,,,,
5,4994,0.038476407527923584,,,,,
5,4999,0.05910416319966316,,,,,
5,5004,0.03465758636593819,,,,,
5,5009,0.02684539183974266,,,,,
5,5014,0.05337798595428467,,,,,
5,5019,0.20722952485084534,,,,,
5,5024,0.0712958574295044,,,,,
5,5029,0.22646445035934448,,,,,
5,5034,0.0382278710603714,,,,,
5,5039,0.03502313792705536,,,,,
5,5044,0.09089509397745132,,,,,
5,5049,0.1305825263261795,,,,,
5,5054,0.061876654624938965,,,,,
5,5059,0.05609910935163498,,,,,
5,5064,0.04101933166384697,,,,,
5,5069,0.05694965273141861,,,,,
5,5074,0.028930939733982086,,,,,
5,5079,0.09086265414953232,,,,,
5,5084,0.15384523570537567,,,,,
5,5089,0.023583972826600075,,,,,
5,5094,0.26823124289512634,,,,,
5,5099,0.029780080541968346,,,,,
5,5104,0.09066454321146011,,,,,
5,5109,0.07298535108566284,,,,,
5,5114,0.2525326609611511,,,,,
5,5119,0.05572699382901192,,,,,
5,5124,0.09013010561466217,,,,,
5,5129,0.04438815265893936,,,,,
5,5134,0.028528770431876183,,,,,
5,5139,0.12459816038608551,,,,,
5,5144,0.055459387600421906,,,,,
5,5149,0.02883264049887657,,,,,
5,5154,0.11004480719566345,,,,,
5,5159,0.029605412855744362,,,,,
5,5164,0.14052177965641022,,,,,
5,5169,0.0828598216176033,,,,,
5,5174,0.0769473984837532,,,,,
5,5179,0.25362733006477356,,,,,
5,5184,0.04335995018482208,,,,,
5,5189,0.05153197422623634,,,,,
5,5194,0.02785487286746502,,,,,
5,5199,0.016715694218873978,,,,,
5,5204,0.02096162922680378,,,,,
5,5209,0.1704241931438446,,,,,
5,5214,0.0723498985171318,,,,,
5,5219,0.03764868900179863,,,,,
5,5224,0.04011065512895584,,,,,
5,5229,0.01791476644575596,,,,,
5,5234,0.09381690621376038,,,,,
5,5239,0.17900997400283813,,,,,
5,5244,0.07124307751655579,,,,,
5,5249,0.047769539058208466,,,,,
5,5254,0.020685546100139618,,,,,
5,5259,0.03982905298471451,,,,,
5,5264,0.1561070680618286,,,,,
5,5269,0.024179592728614807,,,,,
5,5274,0.08907508850097656,,,,,
5,5279,0.12964144349098206,,,,,
5,5284,0.1937859058380127,,,,,
5,5289,0.05594880133867264,,,,,
5,5294,0.039472371339797974,,,,,
5,5299,0.057997915893793106,,,,,
5,5304,0.04299315810203552,,,,,
5,5309,0.08038970828056335,,,,,
5,5314,0.035627223551273346,,,,,
5,5319,0.08997415751218796,,,,,
5,5324,0.01883513852953911,,,,,
5,5329,0.030203763395547867,,,,,
5,5334,0.019306983798742294,,,,,
5,5339,0.10323780030012131,,,,,
5,5344,0.07237643003463745,,,,,
5,5349,0.025391308590769768,,,,,
5,5354,0.3782704472541809,,,,,
5,5359,0.10765647888183594,,,,,
5,5364,0.04288709536194801,,,,,
5,5369,0.01666095294058323,,,,,
5,5374,0.08723701536655426,,,,,
5,5379,0.1635243445634842,,,,,
5,5384,0.03176095709204674,,,,,
5,5389,0.07592067867517471,,,,,
5,5394,0.06338964402675629,,,,,
5,5399,0.05000034347176552,,,,,
5,5399,,0.9822695255279541,0.15622933208942413,46.41024398803711,0.8406900763511658,0.08517894148826599
6,5404,0.05325385928153992,,,,,
6,5409,0.03797737509012222,,,,,
6,5414,0.0879792869091034,,,,,
6,5419,0.07181292027235031,,,,,
6,5424,0.08096488565206528,,,,,
6,5429,0.04897348955273628,,,,,
6,5434,0.04092127084732056,,,,,
6,5439,0.014188291504979134,,,,,
6,5444,0.0361722856760025,,,,,
6,5449,0.024727975949645042,,,,,
6,5454,0.1803574562072754,,,,,
6,5459,0.03616708517074585,,,,,
6,5464,0.017753472551703453,,,,,
6,5469,0.04947946220636368,,,,,
6,5474,0.03939584642648697,,,,,
6,5479,0.0516732782125473,,,,,
6,5484,0.039472851902246475,,,,,
6,5489,0.019806787371635437,,,,,
6,5494,0.06469517201185226,,,,,
6,5499,0.013535389676690102,,,,,
6,5504,0.04680222272872925,,,,,
6,5509,0.035053618252277374,,,,,
6,5514,0.021482177078723907,,,,,
6,5519,0.10011536628007889,,,,,
6,5524,0.05136021226644516,,,,,
6,5529,0.046028830111026764,,,,,
6,5534,0.04368648678064346,,,,,
6,5539,0.11325117200613022,,,,,
6,5544,0.04506071284413338,,,,,
6,5549,0.04673498868942261,,,,,
6,5554,0.03076111152768135,,,,,
6,5559,0.06342856585979462,,,,,
6,5564,0.053886882960796356,,,,,
6,5569,0.10004916042089462,,,,,
6,5574,0.05698966979980469,,,,,
6,5579,0.022852648049592972,,,,,
6,5584,0.09482835978269577,,,,,
6,5589,0.0296790711581707,,,,,
6,5594,0.030271422117948532,,,,,
6,5599,0.050484512001276016,,,,,
6,5604,0.029372159391641617,,,,,
6,5609,0.09483540058135986,,,,,
6,5614,0.04258421063423157,,,,,
6,5619,0.06482693552970886,,,,,
6,5624,0.1126304343342781,,,,,
6,5629,0.0628780871629715,,,,,
6,5634,0.1299198567867279,,,,,
6,5639,0.05817796289920807,,,,,
6,5644,0.26087477803230286,,,,,
6,5649,0.09025589376688004,,,,,
6,5654,0.05163837969303131,,,,,
6,5659,0.014178169891238213,,,,,
6,5664,0.20829662680625916,,,,,
6,5669,0.02486538514494896,,,,,
6,5674,0.0974322259426117,,,,,
6,5679,0.5021498203277588,,,,,
6,5684,0.06138008087873459,,,,,
6,5689,0.029140926897525787,,,,,
6,5694,0.051613837480545044,,,,,
6,5699,0.1208254024386406,,,,,
6,5704,0.19711165130138397,,,,,
6,5709,0.06324906647205353,,,,,
6,5714,0.04901102930307388,,,,,
6,5719,0.13686475157737732,,,,,
6,5724,0.055084556341171265,,,,,
6,5729,0.043594956398010254,,,,,
6,5734,0.0817941278219223,,,,,
6,5739,0.08127389848232269,,,,,
6,5744,0.0589875653386116,,,,,
6,5749,0.020558498799800873,,,,,
6,5754,0.3034698963165283,,,,,
6,5759,0.03408312425017357,,,,,
6,5764,0.03058355301618576,,,,,
6,5769,0.16206280887126923,,,,,
6,5774,0.03218529373407364,,,,,
6,5779,0.040082015097141266,,,,,
6,5784,0.06560027599334717,,,,,
6,5789,0.037874989211559296,,,,,
6,5794,0.029630785807967186,,,,,
6,5799,0.025475654751062393,,,,,
6,5804,0.02715153805911541,,,,,
6,5809,0.0305260568857193,,,,,
6,5814,0.021457862108945847,,,,,
6,5819,0.19300244748592377,,,,,
6,5824,0.15965306758880615,,,,,
6,5829,1.048046588897705,,,,,
6,5834,0.031116725876927376,,,,,
6,5839,0.0568181574344635,,,,,
6,5844,0.10165756940841675,,,,,
6,5849,0.10629261285066605,,,,,
6,5854,0.025854019448161125,,,,,
6,5859,0.024743661284446716,,,,,
6,5864,0.11592088639736176,,,,,
6,5869,0.05535966902971268,,,,,
6,5874,0.021955862641334534,,,,,
6,5879,0.14118315279483795,,,,,
6,5884,0.01938549242913723,,,,,
6,5889,0.03796716779470444,,,,,
6,5894,0.02928135171532631,,,,,
6,5899,0.06618352234363556,,,,,
6,5904,0.07693210244178772,,,,,
6,5909,0.01849806122481823,,,,,
6,5914,0.12919022142887115,,,,,
6,5919,0.10588376224040985,,,,,
6,5924,0.017693176865577698,,,,,
6,5929,0.020153358578681946,,,,,
6,5934,0.033957891166210175,,,,,
6,5939,0.029582839459180832,,,,,
6,5944,0.022467905655503273,,,,,
6,5949,0.027726296335458755,,,,,
6,5954,0.02463454008102417,,,,,
6,5959,0.03451703488826752,,,,,
6,5964,0.028109315782785416,,,,,
6,5969,0.0680069699883461,,,,,
6,5974,0.04039343073964119,,,,,
6,5979,0.1179720014333725,,,,,
6,5984,0.1180334985256195,,,,,
6,5989,0.04338199645280838,,,,,
6,5994,0.03365495800971985,,,,,
6,5999,0.08238096535205841,,,,,
6,6004,0.03808502107858658,,,,,
6,6009,0.029359815642237663,,,,,
6,6014,0.05289500951766968,,,,,
6,6019,0.05405917018651962,,,,,
6,6024,0.08672413975000381,,,,,
6,6029,0.03171815723180771,,,,,
6,6034,0.0674273669719696,,,,,
6,6039,0.1043880432844162,,,,,
6,6044,0.036048758774995804,,,,,
6,6049,0.04714423418045044,,,,,
6,6054,0.14983390271663666,,,,,
6,6059,0.19586075842380524,,,,,
6,6064,0.059002190828323364,,,,,
6,6069,0.02998722717165947,,,,,
6,6074,0.05158664286136627,,,,,
6,6079,0.019990703091025352,,,,,
6,6084,0.2832602262496948,,,,,
6,6089,0.035726260393857956,,,,,
6,6094,0.016534624621272087,,,,,
6,6099,0.03174660727381706,,,,,
6,6104,0.013230714946985245,,,,,
6,6109,0.06676073372364044,,,,,
6,6114,0.10163478553295135,,,,,
6,6119,0.030533963814377785,,,,,
6,6124,0.1946176290512085,,,,,
6,6129,0.357122540473938,,,,,
6,6134,0.06865277886390686,,,,,
6,6139,0.23120355606079102,,,,,
6,6144,0.02801147662103176,,,,,
6,6149,0.050033874809741974,,,,,
6,6154,0.026842543855309486,,,,,
6,6159,0.3673887848854065,,,,,
6,6164,0.030185164883732796,,,,,
6,6169,0.046871401369571686,,,,,
6,6174,0.04458159953355789,,,,,
6,6179,0.07769714295864105,,,,,
6,6184,0.024475904181599617,,,,,
6,6189,0.31360670924186707,,,,,
6,6194,0.056523773819208145,,,,,
6,6199,0.03787468001246452,,,,,
6,6204,0.022458676248788834,,,,,
6,6209,0.08968447148799896,,,,,
6,6214,0.019380781799554825,,,,,
6,6219,0.050433166325092316,,,,,
6,6224,0.22785677015781403,,,,,
6,6229,0.0980881005525589,,,,,
6,6234,0.018303969874978065,,,,,
6,6239,0.05210639908909798,,,,,
6,6244,0.13330775499343872,,,,,
6,6249,0.02393045462667942,,,,,
6,6254,0.18714639544487,,,,,
6,6259,0.32997021079063416,,,,,
6,6264,0.14383795857429504,,,,,
6,6269,0.04749379679560661,,,,,
6,6274,0.027348775416612625,,,,,
6,6279,0.05199456587433815,,,,,
6,6284,0.03887180611491203,,,,,
6,6289,0.054699383676052094,,,,,
6,6294,0.039592333137989044,,,,,
6,6299,0.16155506670475006,,,,,
6,6299,,0.982243001461029,0.15938381850719452,51.59065246582031,0.8322464227676392,0.09099288284778595
7,6304,0.037928350269794464,,,,,
7,6309,0.15918245911598206,,,,,
7,6314,0.09730678796768188,,,,,
7,6319,0.05905362591147423,,,,,
7,6324,0.033986255526542664,,,,,
7,6329,0.029623277485370636,,,,,
7,6334,0.20846474170684814,,,,,
7,6339,0.021456096321344376,,,,,
7,6344,0.07164078950881958,,,,,
7,6349,0.05061553418636322,,,,,
7,6354,0.05095016956329346,,,,,
7,6359,0.10413586348295212,,,,,
7,6364,0.45834672451019287,,,,,
7,6369,0.025435741990804672,,,,,
7,6374,0.1380324363708496,,,,,
7,6379,0.06454113125801086,,,,,
7,6384,0.04436128959059715,,,,,
7,6389,0.05637521296739578,,,,,
7,6394,0.02429538406431675,,,,,
7,6399,0.022185340523719788,,,,,
7,6404,0.09846165776252747,,,,,
7,6409,0.43679821491241455,,,,,
7,6414,0.01765894517302513,,,,,
7,6419,0.023477457463741302,,,,,
7,6424,0.04963279515504837,,,,,
7,6429,0.02813793532550335,,,,,
7,6434,0.18525047600269318,,,,,
7,6439,0.05145101621747017,,,,,
7,6444,0.015603640116751194,,,,,
7,6449,0.06306031346321106,,,,,
7,6454,0.044733792543411255,,,,,
7,6459,0.04613165184855461,,,,,
7,6464,0.0951509028673172,,,,,
7,6469,0.03332838416099548,,,,,
7,6474,0.029581258073449135,,,,,
7,6479,0.0348406657576561,,,,,
7,6484,0.17436368763446808,,,,,
7,6489,0.027613097801804543,,,,,
7,6494,0.06990937888622284,,,,,
7,6499,0.04197664558887482,,,,,
7,6504,0.02209848165512085,,,,,
7,6509,0.039622366428375244,,,,,
7,6514,0.04508686810731888,,,,,
7,6519,0.027801454067230225,,,,,
7,6524,0.22540901601314545,,,,,
7,6529,0.032157525420188904,,,,,
7,6534,0.05842577666044235,,,,,
7,6539,0.024890027940273285,,,,,
7,6544,0.028619039803743362,,,,,
7,6549,0.1740691214799881,,,,,
7,6554,0.09556055068969727,,,,,
7,6559,0.019168680533766747,,,,,
7,6564,0.0167543888092041,,,,,
7,6569,0.04336758330464363,,,,,
7,6574,0.27645987272262573,,,,,
7,6579,0.07815714180469513,,,,,
7,6584,0.04664546251296997,,,,,
7,6589,0.06832143664360046,,,,,
7,6594,0.06314674019813538,,,,,
7,6599,0.055081725120544434,,,,,
7,6604,0.0732152909040451,,,,,
7,6609,0.20786893367767334,,,,,
7,6614,0.10320862382650375,,,,,
7,6619,0.022294504567980766,,,,,
7,6624,0.07683755457401276,,,,,
7,6629,0.05460271239280701,,,,,
7,6634,0.023957233875989914,,,,,
7,6639,0.01935451477766037,,,,,
7,6644,0.029644012451171875,,,,,
7,6649,0.08226468414068222,,,,,
7,6654,0.009433591738343239,,,,,
7,6659,0.18026144802570343,,,,,
7,6664,0.45970645546913147,,,,,
7,6669,0.023351965472102165,,,,,
7,6674,0.021930262446403503,,,,,
7,6679,0.01607561856508255,,,,,
7,6684,0.03786623850464821,,,,,
7,6689,0.08341860771179199,,,,,
7,6694,0.026184504851698875,,,,,
7,6699,0.06221974641084671,,,,,
7,6704,0.07842081040143967,,,,,
7,6709,0.010230595245957375,,,,,
7,6714,0.03633937984704971,,,,,
7,6719,0.04074718430638313,,,,,
7,6724,0.018695726990699768,,,,,
7,6729,0.05840880051255226,,,,,
7,6734,0.027473926544189453,,,,,
7,6739,0.09444406628608704,,,,,
7,6744,0.01502864621579647,,,,,
7,6749,0.17501194775104523,,,,,
7,6754,0.0968804806470871,,,,,
7,6759,0.07089389115571976,,,,,
7,6764,0.05100829899311066,,,,,
7,6769,0.04983961954712868,,,,,
7,6774,0.02067314088344574,,,,,
7,6779,0.10032997280359268,,,,,
7,6784,0.026523105800151825,,,,,
7,6789,0.06445144861936569,,,,,
7,6794,0.05363962799310684,,,,,
7,6799,0.09601441025733948,,,,,
7,6804,0.03231325000524521,,,,,
7,6809,0.12021850049495697,,,,,
7,6814,0.02847835049033165,,,,,
7,6819,0.07364208996295929,,,,,
7,6824,0.029306668788194656,,,,,
7,6829,0.1775824874639511,,,,,
7,6834,0.05738849565386772,,,,,
7,6839,0.016231883317232132,,,,,
7,6844,0.015647759661078453,,,,,
7,6849,0.025619549676775932,,,,,
7,6854,0.1194334328174591,,,,,
7,6859,0.02580908127129078,,,,,
7,6864,0.13662807643413544,,,,,
7,6869,0.02789325639605522,,,,,
7,6874,0.02972310036420822,,,,,
7,6879,0.019532259553670883,,,,,
7,6884,0.06790791451931,,,,,
7,6889,0.08239012956619263,,,,,
7,6894,0.025516685098409653,,,,,
7,6899,0.020433062687516212,,,,,
7,6904,0.017425954341888428,,,,,
7,6909,0.022285770624876022,,,,,
7,6914,0.035256385803222656,,,,,
7,6919,0.03390686213970184,,,,,
7,6924,0.13630038499832153,,,,,
7,6929,0.02684737928211689,,,,,
7,6934,0.9529117345809937,,,,,
7,6939,0.044870078563690186,,,,,
7,6944,0.15075843036174774,,,,,
7,6949,0.023896293714642525,,,,,
7,6954,0.015067771077156067,,,,,
7,6959,0.06269154697656631,,,,,
7,6964,0.056994449347257614,,,,,
7,6969,0.2348410040140152,,,,,
7,6974,0.017366215586662292,,,,,
7,6979,0.013627000153064728,,,,,
7,6984,0.2907416820526123,,,,,
7,6989,0.4761449992656708,,,,,
7,6994,0.021766796708106995,,,,,
7,6999,0.02982899732887745,,,,,
7,7004,0.06947124749422073,,,,,
7,7009,0.03047892078757286,,,,,
7,7014,0.05472482368350029,,,,,
7,7019,0.07993707060813904,,,,,
7,7024,0.037121355533599854,,,,,
7,7029,0.01809554174542427,,,,,
7,7034,0.08979673683643341,,,,,
7,7039,0.03803382068872452,,,,,
7,7044,0.08049474656581879,,,,,
7,7049,0.036635082215070724,,,,,
7,7054,0.035811539739370346,,,,,
7,7059,0.035665128380060196,,,,,
7,7064,0.12983553111553192,,,,,
7,7069,0.0862342044711113,,,,,
7,7074,0.05618167296051979,,,,,
7,7079,0.016522083431482315,,,,,
7,7084,0.23801197111606598,,,,,
7,7089,0.19298428297042847,,,,,
7,7094,0.025264080613851547,,,,,
7,7099,0.01694299280643463,,,,,
7,7104,0.02624836005270481,,,,,
7,7109,0.07555831968784332,,,,,
7,7114,0.19178634881973267,,,,,
7,7119,0.0682971179485321,,,,,
7,7124,0.4675343334674835,,,,,
7,7129,0.10636363923549652,,,,,
7,7134,0.10321921110153198,,,,,
7,7139,0.020760759711265564,,,,,
7,7144,0.06597328931093216,,,,,
7,7149,0.01045968011021614,,,,,
7,7154,0.030326932668685913,,,,,
7,7159,0.04193858057260513,,,,,
7,7164,0.07654004544019699,,,,,
7,7169,0.13115118443965912,,,,,
7,7174,0.13561362028121948,,,,,
7,7179,0.06318575888872147,,,,,
7,7184,0.0698343962430954,,,,,
7,7189,0.07917250692844391,,,,,
7,7194,0.03182118386030197,,,,,
7,7199,0.05885160714387894,,,,,
7,7199,,0.9835849404335022,0.1649690419435501,50.22538757324219,0.8463618159294128,0.08252906799316406
8,7204,0.029330767691135406,,,,,
8,7209,0.31814196705818176,,,,,
8,7214,0.03279321640729904,,,,,
8,7219,0.03874337673187256,,,,,
8,7224,0.05745193362236023,,,,,
8,7229,0.22908776998519897,,,,,
8,7234,0.05644536763429642,,,,,
8,7239,0.07224942743778229,,,,,
8,7244,0.056674666702747345,,,,,
8,7249,0.027334600687026978,,,,,
8,7254,0.01910303346812725,,,,,
8,7259,0.02877860516309738,,,,,
8,7264,0.05056048929691315,,,,,
8,7269,0.02902202308177948,,,,,
8,7274,0.024152958765625954,,,,,
8,7279,0.017949456349015236,,,,,
8,7284,0.25586819648742676,,,,,
8,7289,0.08295615017414093,,,,,
8,7294,0.04863773286342621,,,,,
8,7299,0.11131271719932556,,,,,
8,7304,0.0319565124809742,,,,,
8,7309,0.020085928961634636,,,,,
8,7314,0.055582012981176376,,,,,
8,7319,0.10347115993499756,,,,,
8,7324,0.057545773684978485,,,,,
8,7329,0.04592938721179962,,,,,
8,7334,0.13788890838623047,,,,,
8,7339,0.022684244439005852,,,,,
8,7344,0.05422428995370865,,,,,
8,7349,0.03344268351793289,,,,,
8,7354,0.08477053046226501,,,,,
8,7359,0.18750953674316406,,,,,
8,7364,0.024924080818891525,,,,,
8,7369,0.030436595901846886,,,,,
8,7374,0.05576305836439133,,,,,
8,7379,0.013347229920327663,,,,,
8,7384,0.0622536838054657,,,,,
8,7389,0.04523855447769165,,,,,
8,7394,0.2247914969921112,,,,,
8,7399,0.02167806215584278,,,,,
8,7404,0.05701231211423874,,,,,
8,7409,0.03583414852619171,,,,,
8,7414,0.022759029641747475,,,,,
8,7419,0.021260187029838562,,,,,
8,7424,0.20046938955783844,,,,,
8,7429,0.07363314181566238,,,,,
8,7434,0.2782002091407776,,,,,
8,7439,0.1567009538412094,,,,,
8,7444,0.02472788468003273,,,,,
8,7449,0.06822004914283752,,,,,
8,7454,0.030689693987369537,,,,,
8,7459,0.06234176456928253,,,,,
8,7464,0.16372331976890564,,,,,
8,7469,0.05117138475179672,,,,,
8,7474,0.10996641963720322,,,,,
8,7479,0.09140478819608688,,,,,
8,7484,0.04226367548108101,,,,,
8,7489,0.027938775718212128,,,,,
8,7494,0.10426345467567444,,,,,
8,7499,0.020758524537086487,,,,,
8,7504,0.020663239061832428,,,,,
8,7509,0.030764495953917503,,,,,
8,7514,0.05863572657108307,,,,,
8,7519,0.17427068948745728,,,,,
8,7524,0.051239676773548126,,,,,
8,7529,0.08419127762317657,,,,,
8,7534,0.013640905730426311,,,,,
8,7539,0.01710408553481102,,,,,
8,7544,0.02474946156144142,,,,,
8,7549,0.1263793557882309,,,,,
8,7554,0.050490304827690125,,,,,
8,7559,0.04057244211435318,,,,,
8,7564,0.044703349471092224,,,,,
8,7569,0.027612918987870216,,,,,
8,7574,0.05779736489057541,,,,,
8,7579,0.0910811573266983,,,,,
8,7584,0.02453772909939289,,,,,
8,7589,0.026625480502843857,,,,,
8,7594,0.021843764930963516,,,,,
8,7599,0.08154397457838058,,,,,
8,7604,0.03380299732089043,,,,,
8,7609,0.04126723110675812,,,,,
8,7614,0.04682880640029907,,,,,
8,7619,0.02674206905066967,,,,,
8,7624,0.1070697009563446,,,,,
8,7629,0.027151046320796013,,,,,
8,7634,0.014801591634750366,,,,,
8,7639,0.028959505259990692,,,,,
8,7644,0.19343174993991852,,,,,
8,7649,0.009250328876078129,,,,,
8,7654,0.1048068255186081,,,,,
8,7659,0.016511250287294388,,,,,
8,7664,0.0697348341345787,,,,,
8,7669,0.06798405945301056,,,,,
8,7674,0.036461055278778076,,,,,
8,7679,0.032358765602111816,,,,,
8,7684,0.14571408927440643,,,,,
8,7689,0.025353260338306427,,,,,
8,7694,0.6355308890342712,,,,,
8,7699,0.05181838199496269,,,,,
8,7704,0.0611172616481781,,,,,
8,7709,0.07925520092248917,,,,,
8,7714,0.039969220757484436,,,,,
8,7719,0.017401043325662613,,,,,
8,7724,0.03362167626619339,,,,,
8,7729,0.0400625504553318,,,,,
8,7734,0.02105339616537094,,,,,
8,7739,0.20184937119483948,,,,,
8,7744,0.14764733612537384,,,,,
8,7749,0.06071789562702179,,,,,
8,7754,0.0164494551718235,,,,,
8,7759,0.038600899279117584,,,,,
8,7764,0.049904730170965195,,,,,
8,7769,0.024189287796616554,,,,,
8,7774,0.023523028939962387,,,,,
8,7779,0.03849594295024872,,,,,
8,7784,0.07531580328941345,,,,,
8,7789,0.024573955684900284,,,,,
8,7794,0.041413214057683945,,,,,
8,7799,0.15106545388698578,,,,,
8,7804,0.05180680751800537,,,,,
8,7809,0.169287770986557,,,,,
8,7814,0.04109223186969757,,,,,
8,7819,0.02817586064338684,,,,,
8,7824,0.03389729931950569,,,,,
8,7829,0.01397243794053793,,,,,
8,7834,0.043033208698034286,,,,,
8,7839,0.0313522070646286,,,,,
8,7844,0.04562925547361374,,,,,
8,7849,0.0670892670750618,,,,,
8,7854,0.11818775534629822,,,,,
8,7859,0.032153837382793427,,,,,
8,7864,0.14778566360473633,,,,,
8,7869,0.10670459270477295,,,,,
8,7874,0.03155811131000519,,,,,
8,7879,0.06871416419744492,,,,,
8,7884,0.026233280077576637,,,,,
8,7889,0.018811669200658798,,,,,
8,7894,0.04420400410890579,,,,,
8,7899,0.055330097675323486,,,,,
8,7904,0.08269623667001724,,,,,
8,7909,0.09775376319885254,,,,,
8,7914,0.06860627233982086,,,,,
8,7919,0.36112427711486816,,,,,
8,7924,0.027201499789953232,,,,,
8,7929,0.07118688523769379,,,,,
8,7934,0.0507216602563858,,,,,
8,7939,0.03594333678483963,,,,,
8,7944,0.05859886854887009,,,,,
8,7949,0.02203139290213585,,,,,
8,7954,0.03150605037808418,,,,,
8,7959,0.19646592438220978,,,,,
8,7964,0.07416534423828125,,,,,
8,7969,0.1121404618024826,,,,,
8,7974,0.01425684429705143,,,,,
8,7979,0.0335930660367012,,,,,
8,7984,0.08506357669830322,,,,,
8,7989,0.04485157132148743,,,,,
8,7994,0.062353357672691345,,,,,
8,7999,0.175515815615654,,,,,
8,8004,0.039178140461444855,,,,,
8,8009,0.02005051262676716,,,,,
8,8014,0.17328789830207825,,,,,
8,8019,0.07982879132032394,,,,,
8,8024,0.20781691372394562,,,,,
8,8029,0.018438074737787247,,,,,
8,8034,0.06619857996702194,,,,,
8,8039,0.08920548111200333,,,,,
8,8044,0.036323122680187225,,,,,
8,8049,0.08452239632606506,,,,,
8,8054,0.02133326232433319,,,,,
8,8059,0.022294770926237106,,,,,
8,8064,0.028202803805470467,,,,,
8,8069,0.0340568944811821,,,,,
8,8074,0.012715879827737808,,,,,
8,8079,0.18436259031295776,,,,,
8,8084,0.09983904659748077,,,,,
8,8089,0.0330665297806263,,,,,
8,8094,0.017523303627967834,,,,,
8,8099,0.14360718429088593,,,,,
8,8099,,0.9843356013298035,0.17584210634231567,45.13737106323242,0.8520691394805908,0.08036966621875763
